id,label,figure_id,figure_number,page,caption_text,file,saved_ext,bbox,width_px,height_px
figure_fig_0001,Figure,fig_0001,1,7,Рисунок 1 — Функциональная структура Maxbot,data\images\fig_0001.png,png,"(34.70000076293945, 85.0, 807.1500244140625, 484.6300048828125)",3220,1666
figure_fig_0002,Figure,fig_0002,2,8,Рисунок 2 — Пример разработки сценария рассылки в конструкторе,data\images\fig_0002.png,png,"(55.91999816894531, 171.59999084472656, 576.5399780273438, 312.29998779296875)",2170,587
figure_fig_0003,Figure,fig_0003,3,9,Рисунок 3 — Окно авторизации консоли маркетолога,data\images\fig_0003.png,png,"(199.1999969482422, 534.9599609375, 424.1400146484375, 780.7799682617188)",938,1025
figure_fig_0004,Figure,fig_0004,4,10,Рисунок 4 — Выбор языка консоли маркетолога,data\images\fig_0004.png,png,"(202.32000732421875, 130.7999725341797, 421.739990234375, 293.3399658203125)",915,678
figure_fig_0005,Figure,fig_0005,5,10,Рисунок 5 — Ввод имени,data\images\fig_0005.png,png,"(202.32000732421875, 319.199951171875, 421.5, 480.77996826171875)",914,674
figure_fig_0006,Figure,fig_0006,6,10,Рисунок 6 — Все готово к использованию консоли маркетолога,data\images\fig_0006.png,png,"(201.60000610351562, 552.239990234375, 421.260009765625, 723.4199829101562)",916,714
figure_fig_0007,Figure,fig_0007,7,11,Рисунок 7 — Интерфейс консоли управления после авторизации маркетолога,data\images\fig_0007.png,png,"(55.91999816894531, 115.43998718261719, 576.5399780273438, 352.1399841308594)",2170,987
figure_fig_0008,Figure,fig_0008,8,11,Рисунок 8 — Пример структуры каталогов для рассылок,data\images\fig_0008.png,png,"(221.75999450683594, 498.9599914550781, 401.0999755859375, 754.8599853515625)",748,1067
figure_fig_0009,Figure,fig_0009,9,12,Рисунок 9 — Отображение кнопки для просмотра структуры каталогов рассылок в мобильной версии,data\images\fig_0009.png,png,"(185.75999450683594, 89.99996948242188, 437.3399963378906, 348.77996826171875)",1049,1079
figure_fig_0010,Figure,fig_0010,10,12,Рисунок 10 — Контекстное меню,data\images\fig_0010.png,png,"(237.60000610351562, 468.239990234375, 386.46002197265625, 638.219970703125)",621,709
figure_fig_0011,Figure,fig_0011,11,13,Рисунок 11— Меню для перехода в консоль оператора или администратора,data\images\fig_0011.png,png,"(237.60000610351562, 43.19995880126953, 386.2200012207031, 122.4599609375)",620,331
figure_fig_0012,Figure,fig_0012,12,13,Рисунок 12 — Переход к созданию рассылки,data\images\fig_0012.png,png,"(63.599998474121094, 197.27996826171875, 559.5, 415.4999694824219)",2067,910
figure_fig_0013,Figure,fig_0013,13,13,Рисунок 13 — Ввод названия и выбор типа рассылки,data\images\fig_0013.png,png,"(204.47999572753906, 487.4399719238281, 419.3399963378906, 683.0999755859375)",896,816
figure_fig_0014,Figure,fig_0014,14,14,Рисунок 14 — Интерфейс настройки рассылки (открыт конструктор рассылки),data\images\fig_0014.png,png,"(55.91999816894531, 361.43994140625, 576.5399780273438, 602.699951171875)",2170,1006
figure_fig_0015,Figure,fig_0015,15,15,Рисунок 15 — Расположение кнопок запуска / остановки в списке рассылок,data\images\fig_0015.png,png,"(55.91999816894531, 43.19996643066406, 576.5399780273438, 201.89996337890625)",2170,662
figure_fig_0016,Figure,fig_0016,16,15,Рисунок 16 — Расположение кнопок меню в списке рассылок,data\images\fig_0016.png,png,"(221.75999450683594, 430.8000183105469, 401.3399963378906, 655.02001953125)",749,935
figure_fig_0017,Figure,fig_0017,17,16,Рисунок 17 — Расположение кнопок запуска / остановки в списке рассылок,data\images\fig_0017.png,png,"(55.91999816894531, 43.19996643066406, 576.5399780273438, 201.89996337890625)",2170,662
figure_fig_0018,Figure,fig_0018,18,16,"Рисунок 18 - Фильтры, применяемые в каталоге рассылок",data\images\fig_0018.png,png,"(180.47999572753906, 302.15997314453125, 443.3399658203125, 445.01995849609375)",1096,596
figure_fig_0019,Figure,fig_0019,19,17,Рисунок 19 — Создан сценарий простейшей рассылки,data\images\fig_0019.png,png,"(55.91999816894531, 43.199981689453125, 576.5399780273438, 276.29998779296875)",2170,972
figure_fig_0020,Figure,fig_0020,20,18,Рисунок 20 — Ввод текстового сообщения для отправки,data\images\fig_0020.png,png,"(185.0399932861328, 43.199981689453125, 438.7799987792969, 179.0999755859375)",1058,567
figure_fig_0021,Figure,fig_0021,21,19,Рисунок 21 — Переход к добавлению медиа-контента,data\images\fig_0021.png,png,"(206.16000366210938, 228.239990234375, 416.94000244140625, 418.8599853515625)",879,795
figure_fig_0022,Figure,fig_0022,22,19,Рисунок 22 — Добавление медиа-контента,data\images\fig_0022.png,png,"(186.47999572753906, 494.3999938964844, 436.6199951171875, 633.1799926757812)",1043,579
figure_fig_0023,Figure,fig_0023,23,20,Рисунок 23 — Добавление медиа группы,data\images\fig_0023.png,png,"(228.47999572753906, 223.91998291015625, 412.3800048828125, 390.29998779296875)",767,694
figure_fig_0024,Figure,fig_0024,24,20,Рисунок 24 — Редактор медиа групп,data\images\fig_0024.png,png,"(129.60000610351562, 458.8800048828125, 515.0999755859375, 711.1799926757812)",1607,1052
figure_fig_0025,Figure,fig_0025,25,21,Рисунок 25 — Взаимодействие с элементами в правой панели,data\images\fig_0025.png,png,"(132.72000122070312, 277.44000244140625, 511.739990234375, 525.4199829101562)",1580,1034
figure_fig_0026,Figure,fig_0026,26,22,Рисунок 26 — Создание события для отправки изображений в медиа группе,data\images\fig_0026.png,png,"(185.27999877929688, 43.19999694824219, 495.4200134277344, 294.05999755859375)",1293,1046
figure_fig_0027,Figure,fig_0027,27,22,Рисунок 27 — Использование макросов с изображениями,data\images\fig_0027.png,png,"(135.60000610351562, 403.20001220703125, 508.8600158691406, 649.260009765625)",1556,1026
figure_fig_0028,Figure,fig_0028,28,23,Рисунок 28 — Генерация события с аргументами,data\images\fig_0028.png,png,"(142.55999755859375, 84.0, 502.1399841308594, 294.05999755859375)",1499,876
figure_fig_0029,Figure,fig_0029,29,23,Рисунок 29 — Создания аргументов события для медиа группы,data\images\fig_0029.png,png,"(132.0, 397.44000244140625, 512.219970703125, 676.1400146484375)",1585,1162
figure_fig_0030,Figure,fig_0030,30,24,Рисунок 30 — Создания медиа группы с разными типами,data\images\fig_0030.png,png,"(134.8800048828125, 43.19999694824219, 510.05999755859375, 289.5)",1564,1027
figure_fig_0031,Figure,fig_0031,31,24,Рисунок 31 — Генерация события для медиа группы с типами медиа,data\images\fig_0031.png,png,"(137.27999877929688, 375.1199951171875, 508.3800048828125, 559.260009765625)",1547,768
figure_fig_0032,Figure,fig_0032,32,25,Рисунок 32 — Переход к добавлению кнопки-действия,data\images\fig_0032.png,png,"(206.16000366210938, 43.19996643066406, 417.6600036621094, 234.77996826171875)",882,799
figure_fig_0033,Figure,fig_0033,33,25,Рисунок 33 — Добавление кнопки-действия,data\images\fig_0033.png,png,"(203.75999450683594, 323.760009765625, 419.58001708984375, 559.739990234375)",900,984
figure_fig_0034,Figure,fig_0034,34,26,Рисунок 34 — Второй блок выполняется сразу при нажатии на кнопку,data\images\fig_0034.png,png,"(55.91999816894531, 43.199951171875, 576.5399780273438, 221.5799560546875)",2170,744
figure_fig_0035,Figure,fig_0035,35,26,Рисунок 35 — Пример возврата,data\images\fig_0035.png,png,"(55.91999816894531, 345.11993408203125, 576.5399780273438, 566.699951171875)",2170,924
figure_fig_0036,Figure,fig_0036,36,27,Рисунок 36 — В блок добавлено две кнопки-действия,data\images\fig_0036.png,png,"(172.32000732421875, 43.199951171875, 450.5400085449219, 293.5799560546875)",1160,1044
figure_fig_0037,Figure,fig_0037,37,27,"Рисунок 37 - Текст с кнопкой, который обрежется в некоторых мессенджерах",data\images\fig_0037.png,png,"(151.1999969482422, 517.9200439453125, 471.9000244140625, 679.260009765625)",1337,673
figure_fig_0038,Figure,fig_0038,38,28,Рисунок 38 - Добавлено отдельное сообщение,data\images\fig_0038.png,png,"(154.32000732421875, 43.20001220703125, 469.7400207519531, 245.82000732421875)",1315,845
figure_fig_0039,Figure,fig_0039,39,28,Рисунок 39 — Переход к добавлению кнопки-ссылки,data\images\fig_0039.png,png,"(212.16000366210938, 361.20001220703125, 410.94000244140625, 541.02001953125)",829,750
figure_fig_0040,Figure,fig_0040,40,28,Рисунок 40 — Создание кнопки-ссылки,data\images\fig_0040.png,png,"(197.75999450683594, 594.719970703125, 425.3399963378906, 775.5)",949,754
figure_fig_0041,Figure,fig_0041,41,29,Рисунок 41 — Отправка конфиденциальной информации при помощи тега <security></security>,data\images\fig_0041.png,png,"(119.04000091552734, 325.44000244140625, 505.02001953125, 460.1400146484375)",1609,562
figure_fig_0042,Figure,fig_0042,42,29,Рисунок 42 — Отображение содержимого тега <security> для клиента и для оператора,data\images\fig_0042.png,png,"(119.04000091552734, 531.5999755859375, 504.7799987792969, 615.6599731445312)",1608,351
figure_fig_0043,Figure,fig_0043,43,30,Рисунок 43 — Использование значения макроса в качестве конфиденциальной информации,data\images\fig_0043.png,png,"(120.4800033569336, 43.19999694824219, 503.1000061035156, 162.05999755859375)",1595,496
figure_fig_0044,Figure,fig_0044,44,30,Рисунок 44 — Выбор действия,data\images\fig_0044.png,png,"(138.47999572753906, 368.63995361328125, 484.6199951171875, 662.699951171875)",1443,1226
figure_fig_0045,Figure,fig_0045,45,31,Рисунок 45 — Настройка действия перевода в канал,data\images\fig_0045.png,png,"(176.8800048828125, 323.0400085449219, 446.70001220703125, 772.1400146484375)",1125,1872
figure_fig_0046,Figure,fig_0046,46,32,Рисунок 46 — Пример рассылки с переводом в канал,data\images\fig_0046.png,png,"(55.91999816894531, 356.8800048828125, 576.5399780273438, 517.5)",2170,670
figure_fig_0047,Figure,fig_0047,47,32,Рисунок 47 — Клиент переведен в канал без сообщения,data\images\fig_0047.png,png,"(74.87999725341797, 576.239990234375, 547.97998046875, 765.6599731445312)",1972,790
figure_fig_0048,Figure,fig_0048,48,33,Рисунок 48 — Ввод условия перевода клиента в канал только при наличии от него сообщения,data\images\fig_0048.png,png,"(178.32000732421875, 90.0, 444.7799987792969, 267.17999267578125)",1111,739
figure_fig_0049,Figure,fig_0049,49,33,Рисунок 49 — Клиент переведен в канал после отправки им сообщения,data\images\fig_0049.png,png,"(89.76000213623047, 338.15997314453125, 534.0599975585938, 597.4199829101562)",1852,1081
figure_fig_0050,Figure,fig_0050,50,34,Рисунок 50 — Выбор действия,data\images\fig_0050.png,png,"(161.0399932861328, 43.199981689453125, 462.53997802734375, 300.77996826171875)",1257,1074
figure_fig_0051,Figure,fig_0051,51,34,Рисунок 51 — Пример использования события отмены отправки запланированных сообщений,data\images\fig_0051.png,png,"(55.91999816894531, 447.8399658203125, 573.6599731445312, 686.219970703125)",2158,994
figure_fig_0052,Figure,fig_0052,52,35,Рисунок 52 — Выбор действия,data\images\fig_0052.png,png,"(138.47999572753906, 189.11996459960938, 484.3800048828125, 485.0999755859375)",1442,1234
figure_fig_0053,Figure,fig_0053,53,35,Рисунок 53 — Использование действия отмены работы уже отправленных в рассылку кнопок,data\images\fig_0053.png,png,"(55.91999816894531, 573.1199951171875, 575.3399658203125, 751.5)",2165,744
figure_fig_0054,Figure,fig_0054,54,36,Рисунок 54 — Выбор действия,data\images\fig_0054.png,png,"(134.8800048828125, 290.6399841308594, 487.9800109863281, 591.4199829101562)",1472,1254
figure_fig_0055,Figure,fig_0055,55,37,Рисунок 55 — Ввод параметров запроса к внешней системе,data\images\fig_0055.png,png,"(162.47999572753906, 43.199981689453125, 461.3399658203125, 435.65997314453125)",1246,1636
figure_fig_0056,Figure,fig_0056,56,38,Рисунок 56 — Выбор действия «Сгенерировать событие,data\images\fig_0056.png,png,"(148.32000732421875, 90.0, 475.7400207519531, 370.6199951171875)",1365,1170
figure_fig_0057,Figure,fig_0057,57,38,"Рисунок 57 — Рассылка, в сценарии которой генерируется событие для клиента",data\images\fig_0057.png,png,"(55.91999816894531, 531.1199951171875, 576.5399780273438, 696.2999877929688)",2170,689
figure_fig_0058,Figure,fig_0058,58,39,Рисунок 58 — Событие «Создание промокода для клиента» и его аргументы,data\images\fig_0058.png,png,"(66.4800033569336, 98.15997314453125, 556.3800048828125, 434.219970703125)",2042,1401
figure_fig_0059,Figure,fig_0059,59,40,Рисунок 59 — Ввод аргументов для события,data\images\fig_0059.png,png,"(152.16000366210938, 43.199981689453125, 471.8999938964844, 347.1000061035156)",1333,1267
figure_fig_0060,Figure,fig_0060,60,40,"Рисунок 60 — Вторая рассылка, запускаемая по сгенерированному событию и использующая значения аргументов события",data\images\fig_0060.png,png,"(122.16000366210938, 418.79998779296875, 501.17999267578125, 570.2999877929688)",1580,632
figure_fig_0061,Figure,fig_0061,61,41,Рисунок 61 — Определение условий начала второй рассылки,data\images\fig_0061.png,png,"(101.04000091552734, 43.199981689453125, 522.0599975585938, 341.8199768066406)",1755,1245
figure_fig_0062,Figure,fig_0062,62,41,Рисунок 62 — После нажатия на кнопку «Получить промокод» для клиента выполнилась вторая рассылка,data\images\fig_0062.png,png,"(191.75999450683594, 430.3199462890625, 431.0999755859375, 671.8199462890625)",998,1007
figure_fig_0063,Figure,fig_0063,63,42,Рисунок 63 — Выбор действия «Сгенерировать intent»,data\images\fig_0063.png,png,"(143.75999450683594, 113.51998901367188, 480.29998779296875, 398.6999816894531)",1403,1189
figure_fig_0064,Figure,fig_0064,64,42,Рисунок 64 — Ввод параметров интента,data\images\fig_0064.png,png,"(172.32000732421875, 591.3599853515625, 451.260009765625, 781.5)",1163,793
figure_fig_0065,Figure,fig_0065,65,43,Рисунок 65 — Добавления блока-комментария,data\images\fig_0065.png,png,"(188.16000366210938, 377.03997802734375, 435.17999267578125, 539.3399658203125)",1030,677
figure_fig_0066,Figure,fig_0066,66,44,Рисунок 66 — Добавления блока «SMS-сообщения»,data\images\fig_0066.png,png,"(187.1999969482422, 43.19999694824219, 436.1400146484375, 206.94000244140625)",1038,683
figure_fig_0067,Figure,fig_0067,67,44,Рисунок 67 — Добавления блока «Форма»,data\images\fig_0067.png,png,"(188.8800048828125, 483.1199951171875, 435.17999267578125, 645.1799926757812)",1027,676
figure_fig_0068,Figure,fig_0068,68,45,Рисунок 68 — Связь исходит из события Start,data\images\fig_0068.png,png,"(187.1999969482422, 95.9999771118164, 435.6600036621094, 203.0999755859375)",1036,447
figure_fig_0069,Figure,fig_0069,69,45,Рисунок 69 — Связь исходит из кнопки «Узнать подробности»,data\images\fig_0069.png,png,"(59.040000915527344, 256.32000732421875, 564.5399780273438, 441.9000244140625)",2107,774
figure_fig_0070,Figure,fig_0070,70,46,Рисунок 70 — Связь исходит из блока с сообщением,data\images\fig_0070.png,png,"(60.47999954223633, 43.19999694824219, 563.0999755859375, 195.17999267578125)",2095,634
figure_fig_0071,Figure,fig_0071,71,46,Рисунок 71 — Вызов функции дублирования блока,data\images\fig_0071.png,png,"(194.16000366210938, 411.5999755859375, 429.41998291015625, 572.4599609375)",981,671
figure_fig_0072,Figure,fig_0072,72,47,Рисунок 72 — Определение местоположения сообщения,data\images\fig_0072.png,png,"(188.8800048828125, 43.199981689453125, 434.2200012207031, 335.5799865722656)",1023,1219
figure_fig_0073,Figure,fig_0073,73,47,Рисунок 73 — Удаление сообщения из блока,data\images\fig_0073.png,png,"(220.32000732421875, 448.3199768066406, 402.5400085449219, 663.6599731445312)",760,898
figure_fig_0074,Figure,fig_0074,74,48,Рисунок 74 — Ошибка при одновременном редактировании сценария в разных вкладках браузера,data\images\fig_0074.png,png,"(162.47999572753906, 262.5599670410156, 460.6199951171875, 341.0999755859375)",1243,328
figure_fig_0075,Figure,fig_0075,75,49,Рисунок 75 — Настройки условий начала рассылки,data\images\fig_0075.png,png,"(55.91999816894531, 43.20001220703125, 576.5399780273438, 329.82000732421875)",2170,1195
figure_fig_0076,Figure,fig_0076,76,51,Рисунок 76 — Ввод дополнительных настроек для условия «Начинать в заданное время и отправлять равномерно»,data\images\fig_0076.png,png,"(110.16000366210938, 162.239990234375, 512.9400024414062, 663.4199829101562)",1679,2089
figure_fig_0077,Figure,fig_0077,77,52,Рисунок 77 – Основные настройки равномерной рассылки с аудиторией из внешней системы,data\images\fig_0077.png,png,"(55.91999816894531, 326.8800048828125, 576.2999877929688, 532.6199951171875)",2169,858
figure_fig_0078,Figure,fig_0078,78,54,Рисунок 78 – параметры авторизации внешнего REST-сервиса,data\images\fig_0078.png,png,"(72.4800033569336, 84.0, 550.8599853515625, 220.3800048828125)",1994,569
figure_fig_0079,Figure,fig_0079,79,54,Рисунок 79 – Успешное выполнение тестового запроса на загрузку аудитории рассылки,data\images\fig_0079.png,png,"(55.91999816894531, 453.3599853515625, 576.5399780273438, 706.6199951171875)",2170,1056
figure_fig_0080,Figure,fig_0080,80,55,Рисунок 80 – Выполнение тестового запроса завершилось ошибкой. Формат данных в ответе внешнего REST-сервиса не соответствует требуемому.,data\images\fig_0080.png,png,"(55.91999816894531, 83.99996948242188, 576.5399780273438, 231.89996337890625)",2170,617
figure_fig_0081,Figure,fig_0081,81,55,Рисунок 81 – Загрузка журнала запросов аудитории рассылки,data\images\fig_0081.png,png,"(55.91999816894531, 473.03997802734375, 576.5399780273438, 606.0599975585938)",2170,555
figure_fig_0082,Figure,fig_0082,82,57,"Рисунок 82 — Настройка рассылки, которая начинается по ключевым словам",data\images\fig_0082.png,png,"(107.04000091552734, 43.19999694824219, 516.2999877929688, 290.94000244140625)",1706,1033
figure_fig_0083,Figure,fig_0083,83,59,Рисунок 83 - Настройка ограничения времени запуска рассылки,data\images\fig_0083.png,png,"(137.0399932861328, 257.27996826171875, 486.53997802734375, 361.4999694824219)",1457,435
figure_fig_0084,Figure,fig_0084,84,59,Рисунок 84 – Настройка времени окончания запусков для равномерных рассылок,data\images\fig_0084.png,png,"(113.76000213623047, 590.1599731445312, 509.1000061035156, 685.97998046875)",1648,400
figure_fig_0085,Figure,fig_0085,85,60,Рисунок 85 — Настройка запрещенного времени и дней недели для рассылок,data\images\fig_0085.png,png,"(113.76000213623047, 303.3599853515625, 509.1000061035156, 416.94000244140625)",1648,474
figure_fig_0086,Figure,fig_0086,86,61,"Рисунок 86 — Расширенные настройки для рассылок, начинающихся по событию или по тегу",data\images\fig_0086.png,png,"(143.75999450683594, 43.199981689453125, 480.05999755859375, 263.0999755859375)",1402,917
figure_fig_0087,Figure,fig_0087,87,61,Рисунок 87 — Расширенные настройки для рассылок с фиксированной аудиторией,data\images\fig_0087.png,png,"(138.47999572753906, 334.7999572753906, 485.58001708984375, 578.699951171875)",1447,1017
figure_fig_0088,Figure,fig_0088,88,62,"Рисунок 88 — Исключение клиентов, добавленных в другие рассылки",data\images\fig_0088.png,png,"(119.76000213623047, 259.67999267578125, 506.46002197265625, 344.4599914550781)",1612,354
figure_fig_0089,Figure,fig_0089,89,65,Рисунок 89 — Вкладка «Целевая аудитория»,data\images\fig_0089.png,png,"(55.91999816894531, 249.3599853515625, 576.5399780273438, 384.29998779296875)",2170,563
figure_fig_0090,Figure,fig_0090,90,69,Рисунок 90 — Пример загрузки данных аудитории рассылки с ошибками,data\images\fig_0090.png,png,"(86.16000366210938, 563.52001953125, 536.9400024414062, 784.8599853515625)",1879,923
figure_fig_0091,Figure,fig_0091,91,70,"Рисунок 91 — Файл с идентификаторами клиентов, при загрузке которых произошла ошибка",data\images\fig_0091.png,png,"(223.1999969482422, 90.0, 399.41998291015625, 220.3800048828125)",735,544
figure_fig_0092,Figure,fig_0092,92,70,Рисунок 92 — Файл с ошибочными значениями макросов клиентов,data\images\fig_0092.png,png,"(61.20000076293945, 309.1199951171875, 562.6199951171875, 389.3399963378906)",2090,335
figure_fig_0093,Figure,fig_0093,93,70,Рисунок 93 — Пример загрузки данных аудитории рассылки с ошибками в макросах,data\images\fig_0093.png,png,"(62.880001068115234, 461.03997802734375, 560.7000122070312, 696.2999877929688)",2075,981
figure_fig_0094,Figure,fig_0094,94,71,Рисунок 94 — Переход к загрузке аудитории рассылки,data\images\fig_0094.png,png,"(77.04000091552734, 182.3999786376953, 546.0599975585938, 417.41998291015625)",1955,980
figure_fig_0095,Figure,fig_0095,95,71,Рисунок 95 — Загрузка аудитории рассылки,data\images\fig_0095.png,png,"(155.75999450683594, 488.8800048828125, 466.8599853515625, 601.260009765625)",1297,469
figure_fig_0096,Figure,fig_0096,96,73,Рисунок 96 — Невозможно изменить условия начала для включенной в активном/пассивном режиме рассылки,data\images\fig_0096.png,png,"(109.19999694824219, 234.47998046875, 517.5, 382.1399841308594)",1702,616
figure_fig_0097,Figure,fig_0097,97,73,Рисунок 97 — Невозможно изменить аудиторию для включенной в активном/пассивном режиме рассылки,data\images\fig_0097.png,png,"(55.91999816894531, 421.91998291015625, 576.5399780273438, 604.8599853515625)",2170,763
figure_fig_0098,Figure,fig_0098,98,74,Рисунок 98 — Запуск рассылки,data\images\fig_0098.png,png,"(101.76000213623047, 43.199951171875, 521.5800170898438, 118.13995361328125)",1750,313
figure_fig_0099,Figure,fig_0099,99,74,Рисунок 99 — Пример рассылки,data\images\fig_0099.png,png,"(113.04000091552734, 525.1199951171875, 510.5400085449219, 771.1799926757812)",1657,1026
figure_fig_0100,Figure,fig_0100,100,75,Рисунок 100 — Изменения сценария рассылки без ее остановки,data\images\fig_0100.png,png,"(152.16000366210938, 259.44000244140625, 471.4200134277344, 376.1400146484375)",1331,487
figure_fig_0101,Figure,fig_0101,101,75,Рисунок 101 — Отключение рассылки,data\images\fig_0101.png,png,"(177.60000610351562, 599.5199584960938, 445.260009765625, 716.699951171875)",1116,489
figure_fig_0102,Figure,fig_0102,102,76,Рисунок 102 — Клонирование рассылки,data\images\fig_0102.png,png,"(71.04000091552734, 43.19996643066406, 553.02001953125, 168.77996826171875)",2009,524
figure_fig_0103,Figure,fig_0103,103,77,Рисунок 103 — Переход к добавлению SMS-провайдера,data\images\fig_0103.png,png,"(58.31999969482422, 113.51997375488281, 564.5399780273438, 338.9399719238281)",2110,940
figure_fig_0104,Figure,fig_0104,104,78,Рисунок 104 — Ввод параметров SMS-провайдера,data\images\fig_0104.png,png,"(142.32000732421875, 43.199981689453125, 481.260009765625, 451.9800109863281)",1413,1704
figure_fig_0105,Figure,fig_0105,105,79,Рисунок 105 — Выбор SMS-провайдера для рассылок,data\images\fig_0105.png,png,"(92.87999725341797, 94.08000183105469, 530.4599609375, 290.94000244140625)",1824,821
figure_fig_0106,Figure,fig_0106,106,79,Рисунок 106 — Доступен новый тип блока «SMS-сообщения»,data\images\fig_0106.png,png,"(187.1999969482422, 415.199951171875, 436.1400146484375, 578.699951171875)",1038,682
figure_fig_0107,Figure,fig_0107,107,80,Рисунок 107 — SMS-блок добавлен в сценарий рассылки,data\images\fig_0107.png,png,"(62.880001068115234, 43.199981689453125, 560.7000122070312, 373.5)",2075,1377
figure_fig_0108,Figure,fig_0108,108,80,Рисунок 108 — Добавление объектов к SMS-блоку,data\images\fig_0108.png,png,"(173.75999450683594, 552.239990234375, 448.8599853515625, 670.1400146484375)",1147,492
figure_fig_0109,Figure,fig_0109,109,81,Рисунок 109 — Переход к добавлению лендинга для SMS-блока,data\images\fig_0109.png,png,"(170.16000366210938, 430.0799865722656, 452.70001220703125, 550.8599853515625)",1178,504
figure_fig_0110,Figure,fig_0110,110,82,Рисунок 110 — Ввод данных для подключения лендинга к SMS-блоку,data\images\fig_0110.png,png,"(197.75999450683594, 96.47998046875, 425.0999755859375, 401.8199768066406)",948,1273
figure_fig_0111,Figure,fig_0111,111,84,Рисунок 111 — Тестовый запуск события для отправки клиенту SMS,data\images\fig_0111.png,png,"(55.91999816894531, 43.19999694824219, 576.5399780273438, 248.94000244140625)",2170,858
figure_fig_0112,Figure,fig_0112,112,85,"Рисунок 112 — Рассылка, присваивающая тег клиенту при нажатии на кнопку",data\images\fig_0112.png,png,"(104.16000366210938, 43.19996643066406, 519.4200439453125, 255.89996337890625)",1731,887
figure_fig_0113,Figure,fig_0113,113,85,Рисунок 113 — Ввод условия начала второй рассылки,data\images\fig_0113.png,png,"(135.60000610351562, 451.67999267578125, 488.2200012207031, 711.1799926757812)",1470,1082
figure_fig_0114,Figure,fig_0114,114,86,Рисунок 114 — Сценарий рассылки №2 и выполняется при нажатии клиентом на кнопку из рассылки №1,data\images\fig_0114.png,png,"(55.91999816894531, 43.19996643066406, 576.5399780273438, 222.77996826171875)",2170,749
figure_fig_0115,Figure,fig_0115,115,86,Рисунок 115 — Второе сообщение (рассылка №2) получено в результате установки клиенту тега в рассылке №1,data\images\fig_0115.png,png,"(207.60000610351562, 262.3199768066406, 415.9800109863281, 443.0999755859375)",869,754
figure_fig_0116,Figure,fig_0116,116,86,"Рисунок 116 — Установка тега StopSpecial2021 для кнопки «Нет, передумал»",data\images\fig_0116.png,png,"(61.20000076293945, 563.760009765625, 562.3800048828125, 742.6199951171875)",2089,746
figure_fig_0117,Figure,fig_0117,117,87,Рисунок 117 — Ввод условия остановки рассылки при получении тега,data\images\fig_0117.png,png,"(123.5999984741211, 90.0, 500.2200012207031, 253.5)",1570,682
figure_fig_0118,Figure,fig_0118,118,87,Рисунок 118 — Ввод условия остановки рассылки при снятии тега,data\images\fig_0118.png,png,"(125.04000091552734, 376.79998779296875, 498.7799987792969, 726.2999877929688)",1558,1457
figure_fig_0119,Figure,fig_0119,119,88,Рисунок 119 — Просмотр тегов,data\images\fig_0119.png,png,"(55.91999816894531, 229.19998168945312, 576.5399780273438, 562.8599853515625)",2170,1391
figure_fig_0120,Figure,fig_0120,120,89,Рисунок 120 — Создание тега при настройке кнопки-действия,data\images\fig_0120.png,png,"(199.1999969482422, 43.19996643066406, 423.6600036621094, 288.77996826171875)",936,1024
figure_fig_0121,Figure,fig_0121,121,89,Рисунок 121 — Создание тега при настройке условий запуска рассылки,data\images\fig_0121.png,png,"(55.91999816894531, 315.5999755859375, 576.5399780273438, 535.97998046875)",2170,919
figure_fig_0122,Figure,fig_0122,122,90,Рисунок 122 — Список тегов клиента в файле аудитории бота,data\images\fig_0122.png,png,"(55.91999816894531, 158.8800048828125, 576.5399780273438, 314.94000244140625)",2170,651
figure_fig_0123,Figure,fig_0123,123,91,Рисунок 123 — Переход к добавлению пользовательского события,data\images\fig_0123.png,png,"(61.20000076293945, 332.87994384765625, 562.6199951171875, 542.699951171875)",2090,875
figure_fig_0124,Figure,fig_0124,124,92,Рисунок 124 — Ввод аргументов события,data\images\fig_0124.png,png,"(140.8800048828125, 43.199981689453125, 482.94000244140625, 324.29998779296875)",1426,1172
figure_fig_0125,Figure,fig_0125,125,93,Рисунок 125 — Кнопки генерации событий в списке,data\images\fig_0125.png,png,"(58.31999969482422, 164.87998962402344, 565.739990234375, 419.5799865722656)",2115,1062
figure_fig_0126,Figure,fig_0126,126,93,Рисунок 126 — Кнопка генерации события на странице события,data\images\fig_0126.png,png,"(146.16000366210938, 446.15997314453125, 476.70001220703125, 765.6599731445312)",1378,1332
figure_fig_0127,Figure,fig_0127,127,94,Рисунок 127 — Сгенерировано событие с идентификатором запуска (launch_result_id),data\images\fig_0127.png,png,"(185.75999450683594, 107.51997375488281, 437.0999755859375, 359.8199768066406)",1048,1052
figure_fig_0128,Figure,fig_0128,128,94,Рисунок 128 — Просмотр результатов генерации события в разделе «Отладка»,data\images\fig_0128.png,png,"(89.76000213623047, 447.8399658203125, 534.2999877929688, 746.219970703125)",1853,1244
figure_fig_0129,Figure,fig_0129,129,95,Рисунок 129 — Кнопки для копирования запроса в формате curl,data\images\fig_0129.png,png,"(104.87999725341797, 107.51998901367188, 517.97998046875, 411.8999938964844)",1722,1269
figure_fig_0130,Figure,fig_0130,130,96,Рисунок 130 — Генерация отложенного события подтверждения номера телефона,data\images\fig_0130.png,png,"(82.31999969482422, 372.9599609375, 541.260009765625, 722.4599609375)",1913,1457
figure_fig_0131,Figure,fig_0131,131,97,Рисунок 131 — Генерация отложенного события ожидания подписки в мессенджере,data\images\fig_0131.png,png,"(117.5999984741211, 394.3199768066406, 505.5, 688.8599853515625)",1617,1228
figure_fig_0132,Figure,fig_0132,132,98,Рисунок 132 — Генерация отложенного события ожидания подписки в мессенджере (по идентификатору клиента),data\images\fig_0132.png,png,"(112.31999969482422, 88.07997131347656, 511.260009765625, 315.65997314453125)",1663,949
figure_fig_0133,Figure,fig_0133,133,99,Рисунок 133 — Отправка рассылки по номеру телефона с указанием приоритета мессенджеров,data\images\fig_0133.png,png,"(73.19999694824219, 43.199981689453125, 550.3800048828125, 433.9800109863281)",1989,1629
figure_fig_0134,Figure,fig_0134,134,100,"Рисунок 134 — Рассылка, использующая два макроса",data\images\fig_0134.png,png,"(147.60000610351562, 274.55999755859375, 475.5, 407.82000732421875)",1367,556
figure_fig_0135,Figure,fig_0135,135,103,Рисунок 135 — Аргументы события являются макросами для рассылки,data\images\fig_0135.png,png,"(110.16000366210938, 187.67999267578125, 513.6600341796875, 468.29998779296875)",1682,1170
figure_fig_0136,Figure,fig_0136,136,104,"Рисунок 136 — Пример рассылки, которая генерирует 3 различных thread_id",data\images\fig_0136.png,png,"(56.15999984741211, 398.8800048828125, 567.6599731445312, 588.0599975585938)",2132,789
figure_fig_0137,Figure,fig_0137,137,104,Рисунок 137 — Отображение thread_id у клиента,data\images\fig_0137.png,png,"(223.1999969482422, 647.0399780273438, 400.3800048828125, 783.8999633789062)",739,571
figure_fig_0138,Figure,fig_0138,138,105,Рисунок 138 — Использование макросов при вызове внешней системы,data\images\fig_0138.png,png,"(152.16000366210938, 319.679931640625, 471.8999938964844, 707.8199462890625)",1333,1618
figure_fig_0139,Figure,fig_0139,139,106,Рисунок 139 — Определение аргумента для события,data\images\fig_0139.png,png,"(139.1999969482422, 346.32000732421875, 483.41998291015625, 576.0599975585938)",1435,958
figure_fig_0140,Figure,fig_0140,140,107,Рисунок 140 — Добавление формы в рассылку,data\images\fig_0140.png,png,"(188.8800048828125, 43.20001220703125, 435.17999267578125, 205.260009765625)",1027,676
figure_fig_0141,Figure,fig_0141,141,107,Рисунок 141 — Форма добавлена в рассылку,data\images\fig_0141.png,png,"(179.0399932861328, 258.9599609375, 444.53997802734375, 341.0999755859375)",1107,343
figure_fig_0142,Figure,fig_0142,142,107,Рисунок 142 — Экран настройки формы,data\images\fig_0142.png,png,"(102.4800033569336, 412.55999755859375, 521.3399658203125, 649.02001953125)",1746,986
figure_fig_0143,Figure,fig_0143,143,110,Рисунок 143 — Выбор типа добавляемого вопроса,data\images\fig_0143.png,png,"(235.1999969482422, 43.199981689453125, 388.6199951171875, 270.53997802734375)",640,948
figure_fig_0144,Figure,fig_0144,144,111,Рисунок 144 — Основные настройки вопроса,data\images\fig_0144.png,png,"(98.16000366210938, 43.199981689453125, 525.1799926757812, 307.98004150390625)",1780,1104
figure_fig_0145,Figure,fig_0145,145,111,Рисунок 145 — Добавление медиа-контента к вопросу,data\images\fig_0145.png,png,"(104.87999725341797, 526.5599975585938, 517.97998046875, 772.8599853515625)",1722,1027
figure_fig_0146,Figure,fig_0146,146,112,"Рисунок 146 — Добавление вопроса, который будет задан при выполнении определенного условия",data\images\fig_0146.png,png,"(59.7599983215332, 306.7200012207031, 562.8599853515625, 495.8999938964844)",2097,789
figure_fig_0147,Figure,fig_0147,147,113,Рисунок 147 — Продолжение рассылки при успешном выходе клиента (ответе на все обязательные вопросы),data\images\fig_0147.png,png,"(120.4800033569336, 43.199951171875, 503.1000061035156, 275.5799560546875)",1595,969
figure_fig_0148,Figure,fig_0148,148,113,Рисунок 148 — Продолжение рассылки при выходе по таймауту,data\images\fig_0148.png,png,"(120.4800033569336, 394.32000732421875, 502.6200256347656, 612.0599975585938)",1593,908
figure_fig_0149,Figure,fig_0149,149,114,Рисунок 149 — Продолжение рассылки при выходе по желанию клиента,data\images\fig_0149.png,png,"(134.16000366210938, 90.00001525878906, 489.6600036621094, 272.70001220703125)",1482,762
figure_fig_0150,Figure,fig_0150,150,114,Рисунок 150 — Рассылка с переводом в канал,data\images\fig_0150.png,png,"(77.76000213623047, 531.3599853515625, 545.5800170898438, 704.9400024414062)",1950,724
figure_fig_0151,Figure,fig_0151,151,115,Рисунок 151 — Основные настройки формы,data\images\fig_0151.png,png,"(114.4800033569336, 279.35992431640625, 509.3399963378906, 518.93994140625)",1646,999
figure_fig_0152,Figure,fig_0152,152,116,Рисунок 152 — Настройка сообщений формы,data\images\fig_0152.png,png,"(134.8800048828125, 43.199981689453125, 487.9800109863281, 337.5)",1472,1227
figure_fig_0153,Figure,fig_0153,153,116,Рисунок 153 — Настройка вызовов внешней системы из формы,data\images\fig_0153.png,png,"(137.75999450683594, 461.75994873046875, 485.58001708984375, 716.219970703125)",1450,1061
figure_fig_0154,Figure,fig_0154,154,117,Рисунок 154 — Использование ответа на вопрос в блоке рассылки,data\images\fig_0154.png,png,"(194.8800048828125, 319.67999267578125, 429.17999267578125, 448.8599853515625)",977,539
figure_fig_0155,Figure,fig_0155,155,118,Рисунок 155 — Использование ответа на вопрос при вызове внешней системы,data\images\fig_0155.png,png,"(154.32000732421875, 43.199981689453125, 469.7400207519531, 441.8999938964844)",1315,1662
figure_fig_0156,Figure,fig_0156,156,119,Рисунок 156 — Использование ответа на вопрос типа «Файл» при генерации события,data\images\fig_0156.png,png,"(154.32000732421875, 169.19996643066406, 469.260009765625, 344.9399719238281)",1313,733
figure_fig_0157,Figure,fig_0157,157,120,"Рисунок 157 — Сценарий рассылки с формой, где при успешном заполнении формы генерируется событие, запускающее рассылку со следующей формой",data\images\fig_0157.png,png,"(73.68000030517578, 43.19999694824219, 571.739990234375, 270.05999755859375)",2076,946
figure_fig_0158,Figure,fig_0158,158,120,Рисунок 158 — Повторный вызов формы в рамках одной рассылки,data\images\fig_0158.png,png,"(146.8800048828125, 499.91998291015625, 476.70001220703125, 711.8999633789062)",1375,884
figure_fig_0159,Figure,fig_0159,159,121,Рисунок 159 — Настройка отписки от рассылок при нажатии на кнопку-действие,data\images\fig_0159.png,png,"(56.70000076293945, 244.49996948242188, 566.9500122070312, 503.6999816894531)",2127,1081
figure_fig_0160,Figure,fig_0160,160,122,Рисунок 160 — Расположение виджетов на странице сайта,data\images\fig_0160.png,png,"(55.91999816894531, 568.7999877929688, 576.5399780273438, 767.0999755859375)",2170,827
figure_fig_0161,Figure,fig_0161,161,123,Рисунок 161 — Переход к созданию виджета,data\images\fig_0161.png,png,"(55.91999816894531, 177.5999755859375, 576.5399780273438, 438.05999755859375)",2170,1086
figure_fig_0162,Figure,fig_0162,162,123,Рисунок 162 — Ввод названия виджета,data\images\fig_0162.png,png,"(194.8800048828125, 492.2400207519531, 429.17999267578125, 613.02001953125)",977,504
figure_fig_0163,Figure,fig_0163,163,124,Рисунок 163 — Настройка виджета,data\images\fig_0163.png,png,"(55.91999816894531, 43.199981689453125, 576.5399780273438, 481.0199890136719)",2170,1825
figure_fig_0164,Figure,fig_0164,164,125,Рисунок 164 — Выбор диплинка для передачи боту,data\images\fig_0164.png,png,"(200.16000366210938, 43.19996643066406, 423.41998291015625, 150.77996826171875)",931,449
figure_fig_0166,Figure,fig_0166,166,125,Рисунок 166 — Код виджета для вставки на страницу сайта,data\images\fig_0166.png,png,"(110.87999725341797, 491.760009765625, 512.9400024414062, 776.9400024414062)",1676,1189
figure_fig_0167,Figure,fig_0167,167,126,Рисунок 167 — Элементы интерфейса для включения и отключения виджета в целом и для отдельных типов отображения,data\images\fig_0167.png,png,"(211.1999969482422, 220.55999755859375, 412.6199951171875, 380.4599914550781)",840,667
figure_fig_0168,Figure,fig_0168,168,127,Рисунок 168 — Переход к созданию лендинга,data\images\fig_0168.png,png,"(60.47999954223633, 43.20001220703125, 563.0999755859375, 284.70001220703125)",2095,1007
figure_fig_0169,Figure,fig_0169,169,127,Рисунок 169 — Ввод имени лендинга,data\images\fig_0169.png,png,"(188.8800048828125, 326.3999938964844, 434.2200012207031, 453.17999267578125)",1023,529
figure_fig_0170,Figure,fig_0170,170,128,Рисунок 170 — Страница настройки лендинга,data\images\fig_0170.png,png,"(71.07499694824219, 42.549957275390625, 552.5150146484375, 349.7499694824219)",2007,1281
figure_fig_0171,Figure,fig_0171,171,129,Рисунок 171 — Ввод настроек интеграции,data\images\fig_0171.png,png,"(203.75999450683594, 43.199981689453125, 420.29998779296875, 329.0999755859375)",903,1192
figure_fig_0172,Figure,fig_0172,172,129,Рисунок 172 — SMS-рассылка со ссылкой на лендинг,data\images\fig_0172.png,png,"(222.47999572753906, 493.1999816894531, 401.0999755859375, 664.8599853515625)",745,716
figure_fig_0173,Figure,fig_0173,173,130,"Рисунок 173 — Лендинг с перечнем доступных мессенджеров, которые можно использовать для общения с ботом",data\images\fig_0173.png,png,"(205.97000122070312, 42.54997253417969, 417.6300048828125, 287.0999755859375)",883,1020
figure_fig_0174,Figure,fig_0174,174,130,Рисунок 174 — Клиент подтвердил номер телефона и продолжил общение с ботом в Telegram,data\images\fig_0174.png,png,"(228.47999572753906, 471.1199645996094, 394.8599853515625, 632.219970703125)",694,672
figure_fig_0175,Figure,fig_0175,175,131,"Рисунок 175 — Отображение вкладки ""Журнал""",data\images\fig_0175.png,png,"(68.87999725341797, 43.20001220703125, 554.9400024414062, 244.3800048828125)",2026,839
figure_fig_0176,Figure,fig_0176,176,132,Рисунок 176 — Выгрузка аудитории для выбранного бота,data\images\fig_0176.png,png,"(95.04000091552734, 490.8000183105469, 528.2999877929688, 736.1400146484375)",1806,1023
figure_fig_0177,Figure,fig_0177,177,133,Рисунок 177 — Выгрузка статистики рассылок для выбранного бота,data\images\fig_0177.png,png,"(111.5999984741211, 511.44000244140625, 511.5, 738.2999877929688)",1667,946
figure_fig_0178,Figure,fig_0178,178,134,Рисунок 178 — Пример рассылки с 3-мя блоками для сохранения статистики,data\images\fig_0178.png,png,"(62.880001068115234, 264.7200012207031, 559.97998046875, 571.5)",2072,1279
figure_fig_0179,Figure,fig_0179,179,136,Рисунок 179 — Раздел «Отладка»,data\images\fig_0179.png,png,"(61.20000076293945, 43.199951171875, 561.6599731445312, 303.89996337890625)",2086,1087
figure_fig_0180,Figure,fig_0180,180,136,Рисунок 180 — Поиск события по его характеристикам,data\images\fig_0180.png,png,"(99.5999984741211, 428.8800048828125, 524.219970703125, 673.260009765625)",1770,1019
figure_fig_0181,Figure,fig_0181,181,139,Рисунок 181 — Просмотр найденных событий (режим карточек),data\images\fig_0181.png,png,"(71.76000213623047, 442.5600280761719, 551.8200073242188, 754.1400146484375)",2001,1299
figure_fig_0182,Figure,fig_0182,182,140,Рисунок 182 — Просмотр найденных событий (режим списка),data\images\fig_0182.png,png,"(71.76000213623047, 43.19999694824219, 552.2999877929688, 284.94000244140625)",2003,1008
figure_fig_0183,Figure,fig_0183,183,141,Рисунок 183 — Общая информация о сгенерированном событии,data\images\fig_0183.png,png,"(175.1999969482422, 157.44000244140625, 447.65997314453125, 382.6199951171875)",1136,939
figure_fig_0184,Figure,fig_0184,184,142,"Рисунок 184 — Пример вывода информации о рассылках в мессенджер, которые начались сразу после возникновения события",data\images\fig_0184.png,png,"(208.32000732421875, 272.3999938964844, 417.6600036621094, 543.1799926757812)",873,1129
figure_fig_0185,Figure,fig_0185,185,143,"Рисунок 185 — Пример вывода информации о SMS-рассылке, которая началась сразу после возникновения события",data\images\fig_0185.png,png,"(201.60000610351562, 43.20001220703125, 422.70001220703125, 292.3800048828125)",922,1039
figure_fig_0186,Figure,fig_0186,186,143,Рисунок 186 — Просмотр информации об ошибке при отправке SMS-рассылок,data\images\fig_0186.png,png,"(187.1999969482422, 393.5999755859375, 436.8599853515625, 699.6599731445312)",1041,1276
figure_fig_0187,Figure,fig_0187,187,144,"Рисунок 187 — Пример вывода информации о событии, отложенном до подтверждения номера телефона",data\images\fig_0187.png,png,"(188.16000366210938, 115.43997192382812, 434.70001220703125, 288.53997802734375)",1028,722
figure_fig_0188,Figure,fig_0188,188,144,"Рисунок 188 — Пример вывода информации о событии, отложенном до подписки на бота в мессенджере",data\images\fig_0188.png,png,"(191.0399932861328, 480.96002197265625, 432.05999755859375, 734.9400024414062)",1005,1059
figure_fig_0189,Figure,fig_0189,189,145,Рисунок 189 — Поиск рассылок по их характеристикам,data\images\fig_0189.png,png,"(55.91999816894531, 193.67999267578125, 576.5399780273438, 489.17999267578125)",2170,1232
figure_fig_0190,Figure,fig_0190,190,146,Рисунок 190 — Вывод информации о найденных рассылках (режим карточек),data\images\fig_0190.png,png,"(55.91999816894531, 179.75997924804688, 576.5399780273438, 359.8199768066406)",2170,751
figure_fig_0191,Figure,fig_0191,191,146,Рисунок 191 — Вывод информации о найденных рассылках (режим списка),data\images\fig_0191.png,png,"(55.91999816894531, 385.91998291015625, 576.5399780273438, 553.97998046875)",2170,701
figure_fig_0192,Figure,fig_0192,192,147,Рисунок 192 — Общая информация о рассылке,data\images\fig_0192.png,png,"(79.19999694824219, 301.44000244140625, 544.8599853515625, 630.2999877929688)",1941,1371
figure_fig_0193,Figure,fig_0193,193,148,Рисунок 193 — Информация об ошибке при запуске SMS-рассылки,data\images\fig_0193.png,png,"(55.91999816894531, 43.19996643066406, 576.5399780273438, 192.77996826171875)",2170,624
figure_fig_0194,Figure,fig_0194,194,148,Рисунок 194 — Ход выполнения рассылки для клиента,data\images\fig_0194.png,png,"(57.599998474121094, 415.9200134277344, 565.97998046875, 694.3800048828125)",2119,1161
figure_fig_0195,Figure,fig_0195,195,149,Рисунок 195 — Ход выполнения SMS-рассылки,data\images\fig_0195.png,png,"(59.7599983215332, 90.47994995117188, 563.5800170898438, 355.97998046875)",2100,1107
figure_fig_0196,Figure,fig_0196,196,150,Рисунок 196 — Переход в раздел «Статистика»,data\images\fig_0196.png,png,"(120.4800033569336, 43.199981689453125, 503.1000061035156, 147.41998291015625)",1595,435
figure_fig_0197,Figure,fig_0197,197,150,Рисунок 197 — Переход к скачиванию результатов для выбранного графика,data\images\fig_0197.png,png,"(229.1999969482422, 314.8800048828125, 393.6600036621094, 483.9000244140625)",686,705
figure_fig_0198,Figure,fig_0198,198,151,Рисунок 198 — Просмотр графиков,data\images\fig_0198.png,png,"(55.91999816894531, 43.199981689453125, 576.5399780273438, 261.41998291015625)",2170,910
figure_fig_0199,Figure,fig_0199,199,151,Рисунок 199 — Просмотр графиков,data\images\fig_0199.png,png,"(55.91999816894531, 489.8399658203125, 576.5399780273438, 674.4599609375)",2170,770
figure_fig_0200,Figure,fig_0200,200,152,Рисунок 200 — Просмотр графиков,data\images\fig_0200.png,png,"(55.91999816894531, 43.199981689453125, 576.5399780273438, 222.29998779296875)",2170,747
figure_fig_0201,Figure,fig_0201,201,152,Рисунок 201 — Просмотр графиков,data\images\fig_0201.png,png,"(55.91999816894531, 351.1199951171875, 576.5399780273438, 532.8599853515625)",2170,758
figure_fig_0202,Figure,fig_0202,202,153,Рисунок 202 — Просмотр графиков,data\images\fig_0202.png,png,"(55.91999816894531, 43.19999694824219, 576.5399780273438, 212.94000244140625)",2170,708
figure_fig_0203,Figure,fig_0203,203,153,Рисунок 203 — Просмотр графиков,data\images\fig_0203.png,png,"(55.91999816894531, 359.52001953125, 576.5399780273438, 547.260009765625)",2170,783
figure_fig_0204,Figure,fig_0204,204,154,Рисунок 204 — Просмотр графиков,data\images\fig_0204.png,png,"(55.91999816894531, 43.19999694824219, 576.5399780273438, 211.739990234375)",2170,703
figure_fig_0205,Figure,fig_0205,205,154,Рисунок 205 — Просмотр графиков,data\images\fig_0205.png,png,"(55.91999816894531, 340.5599365234375, 576.5399780273438, 542.699951171875)",2170,843
figure_fig_0206,Figure,fig_0206,206,155,Рисунок 206 — Просмотр графиков,data\images\fig_0206.png,png,"(55.91999816894531, 43.20001220703125, 576.5399780273438, 235.260009765625)",2170,801
figure_fig_0208,Figure,fig_0208,208,156,Рисунок 208 — Просмотр графиков,data\images\fig_0208.png,png,"(73.19999694824219, 43.20001220703125, 550.3800048828125, 242.70001220703125)",1989,832
figure_fig_0209,Figure,fig_0209,209,156,Рисунок 209 — Переход к статистике по рассылке при помощи журнала,data\images\fig_0209.png,png,"(105.5999984741211, 474.47998046875, 518.7000122070312, 666.5399780273438)",1722,801
figure_fig_0210,Figure,fig_0210,210,157,Рисунок 210 — Просмотр статистики из списка рассылок,data\images\fig_0210.png,png,"(122.87999725341797, 43.20001220703125, 500.94000244140625, 218.70001220703125)",1576,732
figure_fig_0211,Figure,fig_0211,211,157,Рисунок 211 — Кнопка для перехода на статистику по рассылке,data\images\fig_0211.png,png,"(124.31999969482422, 289.67999267578125, 498.5400085449219, 464.94000244140625)",1560,731
figure_fig_0212,Figure,fig_0212,212,157,Рисунок 212 — Просмотр графиков,data\images\fig_0212.png,png,"(227.0399932861328, 580.0799560546875, 396.05999755859375, 758.4599609375)",705,744
figure_fig_0213,Figure,fig_0213,213,158,Рисунок 213 — Просмотр графиков,data\images\fig_0213.png,png,"(63.599998474121094, 43.199981689453125, 559.260009765625, 327.41998291015625)",2066,1185
figure_fig_0214,Figure,fig_0214,214,158,Рисунок 214 — Просмотр графиков,data\images\fig_0214.png,png,"(60.47999954223633, 399.3599853515625, 562.1400146484375, 676.6199951171875)",2091,1156
figure_fig_0215,Figure,fig_0215,215,159,Рисунок 215 — Просмотр графиков,data\images\fig_0215.png,png,"(123.5999984741211, 43.199981689453125, 500.2200012207031, 274.8599853515625)",1570,966
figure_fig_0216,Figure,fig_0216,216,175,Рисунок 216 — Ввод параметров для SMS-провайдера «СМС услуги»,data\images\fig_0216.png,png,"(147.60000610351562, 207.1199951171875, 475.9800109863281, 603.1799926757812)",1369,1651
figure_fig_0217,Figure,fig_0217,217,176,Рисунок 217 — Раздел «API» личного кабинета на сервисе «СМС услуги»,data\images\fig_0217.png,png,"(215.75999450683594, 43.199951171875, 408.05999755859375, 587.5799560546875)",802,2269
figure_fig_0218,Figure,fig_0218,218,176,"Рисунок 218 — Подраздел «Рассылка сообщений», в котором генерируется токен",data\images\fig_0218.png,png,"(55.91999816894531, 641.52001953125, 576.5399780273438, 739.739990234375)",2170,410
figure_fig_0219,Figure,fig_0219,219,177,Рисунок 219 — Настройка имени отправителя,data\images\fig_0219.png,png,"(103.19999694824219, 43.199981689453125, 520.8599853515625, 229.97998046875)",1741,779
figure_fig_0220,Figure,fig_0220,220,178,Рисунок 220 — api-токен в личном кабинете SMS.ru,data\images\fig_0220.png,png,"(61.20000076293945, 265.20001220703125, 562.8599853515625, 507.9000244140625)",2091,1012
